UserName,Score,Komentar,Sentimen
Arya Guna,5,Mantap gw Dapet ETH Berkat aplikasi ini,Positive
Aspani,1,KOK NFT SAYA HILANG ATAU BERKURANG.. TIDAK ADA PENJELASAN DARI PIHAK OPENSEA,Negative
Taufik Hidayat,1,Tidak bisa listing.....error Jadi tidak bisa jual nft.,Negative
Verentia,5,Moga dapat duid,Positive
Nimin Ardiansyah,1,Apk berat lemot tolong di perbaiki admin ™,Negative
edi zatmiko,1,Tolong dong banyak bugs nih. Sign up aja berulang pas masuk mau post gambar hasur bolak balik terus susah minimal -kali,Negative
Sando Teddy,1,ada app nya tapi pas mo beli dan jual malah harus tetap buka browser.. sangat amat useless,Negative
teddy haryanto,5,vg,Positive
Stephen Geraldy,1,BUG NYA DIKURANGIN DONG & APLIKASINYA DIPERCEPAT,Negative
ELANG JAWA ,3,coba dulu,Neutral
Imam Faeruzzabadi,5,Ok,Positive
Alf Nst,5,Top,Positive
THEGAMERDEMONS_YT,1,Aplikasi apaaan ini dah? foto doank ,Negative
Agus Supri,1,Sangat buruk,Negative
Al Farezzz,5,Semoga bisa dapat penghasilan dari apk ini,Positive
Ekcha Ikmas,5,Good,Positive
Das Zal,5,Good‘Œ,Positive
Trisula Jago Purwokerto,1,Ga bisa di open... Tulisan nya eror mulu... Udah instal ulang berulang kali.... Kenapa ya??,Negative
INVESTOR XQUAD,5,Amazing pool âš¡,Positive
Jimmy Ichiba,4,semoga bisa jual berbagai gambar,Positive
muhammadharis muchsin,5,top,Positive
Zhao Entertainment Zone,1,Fix sistemnya pak banyak bugs disini. Mau rilis gambar saja butuh delay tidak muncul-muncul padahal itemnya  tetapi item yang masih muncul hanya ..,Negative
Fikri Alfikri,5,Bagus,Positive
alfans Hafid,5,Good,Positive
Jamzuri ,5,Bagus,Positive
Novi Handayani,4,Ok ok ok,Positive
Mas Ajit,5,Bagus,Positive
Mis war,5,Mantap,Positive
Ru eN,5,Nice broooo,Positive
NUZUL QODIR,5,Ko eror ya,Positive
boringman,2,Mau tanya kalau mau menjual NFT apa harus bayar terlebih dahulu di opensea ini? Harus punya saldo minimal .ETH apakah ada yang mau menjawab?,Negative
Aditya Rahman,2,Ko erorr setiap buka opensea,Negative
Boy gaming,5,Ya allah semoga bisa laku di bisnis ini dan bisa sukses buktikan ke ortu aamiinn..,Positive
Ferry Setty,3,Lagi mempelajari,Neutral
AMS STRIMER,1,Butut anjign,Negative
LIFE GOOD,5,nft nya keren keren aku bangga sip,Positive
Amelia Latipa,5,Satu kata:halo,Positive
PUJO TIARSO,5,Yang mau berbagi dan dapat kripto silakan di open sea,Positive
Arsa Chanel,2,Kalau bagus sya kasih bintang lagi,Negative
rAiHaN gEmILaNg S,4,Alhamdulillah terima kasih banyak kepada apk OpenSea dari aplikasi ini saya dapat cuan sekitar Jt dan saya bisa membanggakan Ortu saya Salut. Uraaaa :)‡·‡º.,Positive
Nurkholis Murianto,5,Mantap,Positive
"Ali Abdul Ali,5,Pahami dahulu apa itu NFT ikut trend boleh tapi jangan ""bodoh"",Positive"
Ardian Rifqi,5,Bang kalau mau jualan jangan jualan data pribadi mau di pake pinjol kah bang?,Positive
prawira Fano,5,your best to make it difficult for someone it's not easy to login to the wallet so as not to play the opensea market easily the rate system is from love each to unique then what about those who don't have more love and how can other users see a lower rat because the system is random,Positive
Andy Rakhmad Wardana,5,‘‘‘‘‘,Positive
Varent Aw,1,Ampas,Negative
KANG AFIF TEMON PENGEMBARA,5,Top,Positive
Xq -,1,App rasis,Negative
The Black pearl,5,nice app,Positive
Noah Antolin,5,Semoga bermanfaat,Positive
Mufty Fairuz,5,Good,Positive
Hasim Bond,5,Sangat memuas kan,Positive
Gloo Wall,5,Di sini ga bisa untuk jual ya? Cuma bisa untuk liat sama untuk profil aja?? Maaf sebelumnya. Dan terima kasih,Positive
Novian Handriono,5,All The Best,Positive
Hafizh H Asyhari,5,Mantap coeg,Positive
Eko Sutiawan,5,Mantap,Positive
Bang Kiw,4,Bagus,Positive
Susanto Agung Nugroho,5,Test...And TOP,Positive
Kang Ee,5,Karena Gozali jadi ikutan download aplikasinya,Positive
Raden Nursidik,5,Bagus apk nya aku mendapatka  triliun,Positive
mas wir,1,opensia selama ini sangat susah untuk masuk bikin saya sebel maka saya kasih bintang satu sebelum ada perubahan,Negative
Melki Hunter GamingMLBB,5,good,Positive
Freddy Ismawan,5,nice,Positive
Arkana Sulthan Arrafi,1,Gk bisa kyk ghozali males dan lagi gabut bngt jual poto jir,Negative
Vi Gleen,5,Thanks for my god,Positive
poer Karokaro,5,Mantap,Positive
Jaran Goyang,3,Tolong ditambahkan fitur jual NFT nya agar bisa menjual bgt lewat apknya jadi ga perlu lagi buka lewat browser. Terimakasih.,Neutral
Ceritai Kan,5,Mantap bisa juga cek nft dengan mudah tanpa ribet ( Nft saya Unique stones ),Positive
Ahmad husaini Sihr,5,Bagus belum bisa aktif,Positive
Bambang Bangsul,5,Ok,Positive
Yeru Salem,5,Ok,Positive
Juan Diego,5,Bagus,Positive
Aldi Prianto,5,Semoga NFT saya laku kerassssss,Positive
ARYANI SOFFI,3,Coba dulu ,Neutral
Reza Pahlevi,5,Ok,Positive
Aysila Mashel,5,Good,Positive
jevi arobi,5,Ok,Positive
Imam safei,5,Nft jodds,Positive
Angel Putri,5,Mno,Positive
Mentari Damayanti,5,Ok,Positive
IliyaSadd,1,BROKENSEA!! Banyak bug nya gabisa acc offer mau bought selalu gagalkecewa berat...,Negative
Agung Kurniawan,5,Mantap ini amplikasi membantu saya buat penjualan di nft sayasukses selalu,Positive
Ruri Rubi,5,Oke,Positive
Ngagetin,5,INTINYA KALAU LU GAK BISA LU GAK USAH IKUT-IKUTAN.,Positive
Robert R C,1,Aplikasi goblog dah cape cape,Negative
Kadek Satia Adnyana,1,Error gak bisa jualan. Gulung tikar aja bos,Negative
Suits Go,5,Bagus banget ”¥,Positive
Dasep Supyan,5,Good.....,Positive
Terry Duanta,5,Joz,Positive
SENO MACHINE ,1,Kenapa NFT ku gak laku laku. Padahal niatku baik cuma untuk donasi kan untuk makanan kucing jalanan˜¿,Negative
Hidayah Sanuri,3,Di coba,Neutral
Sigit Prayoga,4,Di,Positive
Irgi Ramadhan,5,Keren,Positive
Imam Fauzi,2,Istimewa,Negative
Muhamad Afgan Ashari,3,Banyak kreator nft dari indo yang gajelas pls delete kak nutupin kreator indo yg bner niat bikin nft,Neutral
Nur Samsi,5,Oke,Positive
sales TV,5,Good,Positive
ndan Rf,5,Good,Positive
Asha Malik,2,Mau unlock kok eror terus.,Negative
Fajri Falah Menggokil,5,I finally could see ghozali face all for myself thanks capitalism really cool,Positive
uchlim,3,Saya bikin NFT kenapa alamat contraknya punya orang. Laku kejual malah gak terima ETH. tolong min Opensia masih potensi di hack. Kita yang bikin. Kita yg jual orang yg terima dana. Kalau bisa . Bisa edit alamat contrack + block biar gak kena hack.,Neutral
Imam Siswoyo,4,Kemaren tiap pagi pegang cangkul di kebun dan sdah cape gak kaya kaya.sekarang saya coba nft bisa kaya ngak .nasib ja lagi,Positive
Adin,3,Gimana cara pake nya jual gambarnya ga ngerti,Neutral
Idijhon,1,Bagus banget wow,Negative
HELOs PC,5,‘‘,Positive
Daffa Rauf,1,Butut Mending turu,Negative
Muhammad assidiq,5,—¿¥”,Positive
Annisa,5,Aplikasi ini berguna sekali,Positive
Kocak Momen,1,APK GOUBLOK GAK USAH DI PAKE YA TEMAN NANTI NYESEL,Negative
Blackamazinggame,5,OK,Positive
Rayyan Ridi,5,Gampang nggak usah beli NFT market tinggal foto ckrek udah dapat fotonya,Positive
DIPSI,3,Malah kaya apk jual makanan,Neutral
Wildan Zein,5,Mantap,Positive
Rupiah asli,5,Good,Positive
Ali Rahmanpku,5,Bagus,Positive
Zulfikar Arianto,5,Excellent,Positive
Elix ,1,Apknya gmn seh—¿ udh install lah malah error —¿—¿™™,Negative
Shino Shino,5,Masih mempelajari,Positive
adi radita,3,Kenapa aku tidak bisa menambahkan file untuk dijual sebagai nft?. Apakah ada perbaikan sistem? padahal untuk memutar video di YouTube tidak ada masalah. Apakah aplikasinya masih memiliki bugs?,Neutral
"zacky Art,1,Ada yg sama kaya saya gk sibru instal ko tulisanya ""An error occured we are currenly working on it""dri kmrin gtu trus pdhal sinyal bagus anehh !! Smua gambar gk muncul,Negative"
Jayus Zeyusman,5,pengetahuan,Positive
BLANDONG,2,Ini bisa d rubah bahasa enggak ?,Negative
Andri Maulana,1,Aplikasi kontdolllll... Masak baru mau masuk error dihubungkan ke metamask error... ajinngg,Negative
Skull Gaming,4,aku mau tes jual gambar siapa tau laku bukan jual selfi ga jelas,Positive
Si Meong Nani,1,Kebanyakan yang di screenshot,Negative
tato whinarno,5,Good,Positive
Askira putra,5,semoga bermanfaat,Positive
Dede Jamil,4,I may ask something if I can download the image,Positive
Ivansyauta Van,1,Untuk bisa jual harus terkenal susah buat jual gambar jadi bisa NY beli doang belum tentu bisa naik harga nya —¿—¿—¿,Negative
Arifin Ilham,4,Ya karna bagus lah,Positive
hendri zaky ,5,Bodoo amat dah yg penting upload apa ajadah gua upload ada kecoa lewat gua foto trus gua upload kucing lewat gua foto trus gua upload..aph ajadah poko ny gua foto fotoin..trus gua upload..,Positive
Bang Yudieee,2,Pas di buka kok error ya!!!!,Negative
Nurul Hikmah,4,Tolong di aplikasi ini di buat tombol delete gambar kalo salah upload atau double gambarnya biar gampang di hapus.,Positive
razinal p,5,Bagus bisa jual karya sendiri disini,Positive
Ican Amad,5,Ntap,Positive
ã€ŽVanya_gchã€,5,Bagus banget deh pokoknya!! Kalian harus cobain,Positive
EDDY SANDY,5,siiip pokoke,Positive
SPORT,5,mantap,Positive
Yusuf Salam,1,Eror,Negative
izuka ,3,Can you put a feature so that no one can take a screen shoot i heard some people steal art this way,Neutral
Jihan vino afrie,3,Saya kasih bintang dulu soal nya blm coba bagus ga ya smg bagus amin,Neutral
Hari Ferdinal,5,Very cool.. good,Positive
Jho project,5,Its perfect i likeeee,Positive
Romzani Nabawi,5,Sofar so good,Positive
Infinix Hotpaly,5,Sangat puas,Positive
Bobot Dewa,1,Aplikasinya Gk jelas banget Napa mesti prabayar kirain pasang terus langsung di beli,Negative
citra citra,1,knp eror open sea nya nh,Negative
M. Habibie Resya,5,Buat adick adick yg sepam foto gak jelas di nft kalian buka ghozali ya adick adick,Positive
Berkah Selalu,5,‘,Positive
Arsa Pratama,5,Yg tau ajarain saya dong. ˜­˜­ Pngn bngt bahagian orang tua. ™™™ˆ,Positive
mabibaig,3,Goog,Neutral
cipta teknik solusindo,5,Mantap,Positive
adhy parukkany,4,Semoga aj sesuai yg d harapkan,Positive
J & F,5,Nice,Positive
DANU TIRTA,5,check ( Moon Human ) my collection from Indonesia,Positive
yudi iskandar,5,Bagus,Positive
Halim Halim,1,gak guna ini aplikasi.... nyesel gw download,Negative
Muhammad Husni,5,Mantap foto saya laku total sudah sampai  M,Positive
Ghazy Dzaky,2,Apk nya kok tidak bisa di gunakan ya?mohon di perbaiki,Negative
rini ne rizky,4,cuba dulu karna belum tau caranya daftar,Positive
X Neil,3,Keren bisa jualan,Neutral
Gaok Channel Tube,4,Jual gambar ga laku laku  pun...wkwkwwkk,Positive
Human,5,Hore bisa beli Nasgor dari Open Sea,Positive
m dwi ADITYA,5,Ok,Positive
Taufik Y K,1,ERROR kenapa ini,Negative
GersanZ,4,Bagus tapi...WHOOPS! AN ERROR OCCUREDWE'RE CURRENTLY WORKING ON IT!......WHOOPS! AN ERROR OCCUREDWE'RE CURRENTLY WORKING ON IT!......WHOOPS! AN ERROR OCCUREDWE'RE CURRENTLY WORKING ON IT!_-,Positive
Yudi Prayuga,5,baik bagus kren,Positive
Andri Rahid Ramdhani Basri,5,Gw udah cuan total jt dari bisnis nft ini padahal gw baru gabung selama  bulan... Buat para haters yg suka bacd silahkan bacd terus sampai lu ketinggalan jauh wkwkwkkwkw ˜‚¤£¤£¤£¤£,Positive
Hafizh Fahrezi,5,Bismillahhirohmanirohim,Positive
saiful rizal,1,kok g bisa di buka ya . kata e masalah internet . . . tolong kasih tw bang . .,Negative
Haryadi Nur sasongko,5,bagus,Positive
Nadi Putra,5,saya baru mencoba.. semoga Kita Bisa Sukses lewat Aplikasi ini,Positive
Tyo Jamet,5,Sangat bagus,Positive
mag rb,5,Min aplikadinya error parah,Positive
SAMSUNG j prime,5,Attahiyyaatul mubaarokaatush sholawaatuth thoyyibaatu lillaah. Assalaamu â€˜alaika ayyuhan nabiyyu wa rohmatulloohi wa barokaatuh. Assalaaamuâ€™alainaa wa â€˜alaa â€˜ibaadillaahish shoolihiin. Asyhadu allaa ilaaha illallooh wa asyhadu anna Muhammadar rosuulullooh. Allahumma Shalli Ala Sayyidina Muhammad Wa Ala Ali Sayyidina Muhammad. Kama Shollaita Ala Sayyidina Ibrahim wa alaa aali sayyidina Ibrahim wabaarik ala Sayyidina Muhammad Wa Alaa Ali Sayyidina Muhammad Kama barokta alaa Sayyidina Ibrahim wa,Positive
AREESHA ORIE,5,Alhamdulillah aku dapat M SENENG BANGET !!!¤—¤—,Positive
Razif Abdul,5,MANTAP AKU PUNYA FOTO GHOZALI JADI AKU TERLIHAT KEREN—¿,Positive
anggri sulaeman,1,Upload Files GLB GLTF & OBB not support android (trust wallet),Negative
Amin Cahaya Channel,5,Coba dulu,Positive
Sakni Slbk,1,bagus,Negative
Dewa Andika,1,Bad,Negative
Ravalino Moses,5,Bagus kek nya,Positive
Fernando Andriandi,5,Gud,Positive
AGOY YULISTIAL,5,Ss aja apa gampang tah usah beli,Positive
Andis Atmaja,5,Mantap dan hebat.,Positive
Zulfia Kholifah,5,Saya rutin memakai aplikasi ini untuk memantau progress karya saya di OpenSea. User Interfacenya juga bagus. Mudah dipahami. Thanks developer â¤ï¸,Positive
Bahtiar Sidiq,5,Good,Positive
Gabut ,5,Good,Positive
Anies A,5,ok,Positive
JACKY official,5,Good,Positive
Sambal Nyi Gnat,5,Penasaran karena orang kaya sebesar anang hermansyah juga jual foto disini pasti yang miskin kena libas secara semua peralatan anang cangggih,Positive
Aqila Aprilia,5,Terserah orang mau upload foto apa yg penting jgn nyuri karya orang baru di jual yah ingat aj,Positive
giswan Gamers,1,Apk nya eror harap di perbaiki,Negative
Tiffany Tissa,5,lebih enak pake web nya di metamask (opiniku) tapi apk nya gak kalah keren,Positive
Reza Ramadhan,4,Tolong di perbaiki agar tidak bisa di ss ˜¤,Positive
Radja campus,5,Gw heran sama orang orang yang ngasih bintang  karena kebodohan warga indo ada yang bilang haram lah apalah ya inimah aplikasinya yang ku tau kayak jual beli aja gak ada haram haramnya yang haram itu ya orang orang bodohnya yang foto sambil telanjang atau apapun itu jadi jangan salahin pihak opensea dong padahal udah jelas jelas yang bodoh dan tolol itu warga indonya. Gw warga indo juga tapi kagak tolol tuh mau duit??? Kerja!!! Jangan ngarep dapet instan. JADI JANGAN NGASIH BINTANG  GBLK.,Positive
Muhammad Tayo Tarmada,1,Jelak sekali ya knp saya tidak bisa jualan terus saat jualan aplikasi selalu keluar dengan sendirinya ¥€,Negative
Yavvi Adi Nurrahman,5,Absolutely ok,Positive
L a n ãƒ¡,4,Kebelet NTF,Positive
Wulan Nurcahyani,5,sangat bagus,Positive
hasan gaming fire,5,baik sangat membantu,Positive
Walter Tanjung,5,very good App,Positive
Imey Ndut,5,Belum bisa di activkan,Positive
Djouean Fim,1,Sulit untuk membuat akun,Negative
Crase Gamers,5,Bagus,Positive
Sumisdi soya,5,opensea cukup memudahkan penggunanya dalam banyak halterutama bagi pemula.,Positive
shazfa enterprise cushion maker,4,baik,Positive
Afhy Boy,5,aplikasi bagus,Positive
Diyon Y,5,josss openSea,Positive
Malik Wibowo,5,good,Positive
irfan arifin,5,Keren lah mantab dan Very Good,Positive
M Bintang Khalifah P,5,Sengaja mau buat nft buat naik haji sama keluarga kalo laku semoga laku ya Allah amin,Positive
sujarwoko,1,nyesel tidak bisa di buka,Negative
kanda bagus,1,Gk bisa dibuka error,Negative
Sem Bharaduta,5,coba,Positive
Dimas aryo,1,gabisa di download,Negative
Areta Margareta,5,Good,Positive
Mila Anggiani,5,buka app ini krn bantu anak ku yg suka bikin gambar . anime biar berkembang,Positive
chrysant marrietha,5,Tolong ya Open sea open sea aku eror gak bisa upload jadi tolong yah padahal aku udh perbarui .,Positive
Maatji _,1,Eror sama kaya yg lain nge stuck di profil,Negative
dafa riski,1,Kenapa setiap masuk aplikasi tulisannya error ya? Apa lagi maintenance kah?,Negative
Saputra Wahyu,5,Mantap opensea,Positive
Kurnia Rifqy,1,Bagus sih karena aplikasi ini saya bisa menjual foto guru saya kalau mau lihat namanya Hamdani tzy,Negative
Acung UPA,5,susah belum bisa,Positive
Sean Alfalah,5,Relevance,Positive
Tulus Tulbu,3,Mau nyoba dan liat liat,Neutral
Sakura lia,1,Susah buat akun opensea di apk mau pun melalui website....tolong dong di permuda buat akun nya. Selalu gagal buat akun di opensea baik melalui aplikasi maupun website,Negative
Mas Eko,1,Aplikasi ya engga bisa di buka,Negative
Hayunda Mboizz,5,Kurang ringan aplikasinya,Positive
Xiao Jhonatan,5,Ok,Positive
Leonard liu Daniel,5,KEREN,Positive
M Daud C J,3,Berusaha dan kerja keras adalah kunci sukses. Allah SWT sudah menentukan siapa yang terbaik dan sukses. Tindakan yang bodoh bilamana melakukan kesalahan dan kelengahan. Namun memberikan pelajaran untuk memperbaiki meraih kesuksesan.,Neutral
Roni Setiawan,5,Aku kasi bntang full dech,Positive
drk TV,5,Penasaran aja mau liat orang + nyampah disini ˜…,Positive
Supri Yanto,3,good,Neutral
kayla wandani,5,Aplikasi sangat mudah digunakan‘,Positive
Velynn XD,1,bad bad bad pls dev balikin/kasih cara supaya orang yg serius bekerja dalem nft buat collectionnya gak dillimit.,Negative
Aulia Ari,1,Can not opened..can not work out ...what happen?? Any info?,Negative
Asri Junaeni,1,Kenapa susah masuk error terustry again..try againnnbeuuuhh,Negative
zack Xbhirexa,1,Udah di instal pas di buka malah eror.. auto kasih  bintang Cukup. Terima kasih,Negative
panggih susanto,5,ok,Positive
Ahmad Fauzan,5,Siip,Positive
GALANG ALBI å°¾æ ¹ãŒã—ã¾ã™ä»–,5,Sulit dimengerti—¿ ???ï¼??ï¼?ï¼?ï¼?ï¼?ï¼?ï¼?ï¼?ï¼?ï¼?ï¼ï¼Ÿï¼ï¼Ÿï¼ï¼Ÿï¼ï¼Ÿï¼Ÿï¼ï¼Ÿï¼ï¼Ÿï¼ï¼Ÿï¼ï¼Ÿï¼Ÿï¼ï¼Ÿï¼ï¼Ÿï¼ï¼Ÿï¼?ï¼?ï¼?ï¼?ï¼??ï¼?ï¼?ï¼??ï¼?ï¼?ï¼?ï¼?ï¼?ï¼ï¼Ÿï¼ï¼Ÿï¼ï¼Ÿï¼Ÿï¼ï¼Ÿï¼ï¼Ÿï¼ï¼Ÿï¼ï¼Ÿï¼ï¼Ÿï¼ï¼Ÿï¼Ÿï¼ï¼Ÿï¼ï¼Ÿï¼ï¼Ÿï¼ï¼Ÿï¼ï¼Ÿï¼ï¼Ÿï¼Ÿï¼ï¼Ÿï¼ Semoga foto mu jauh lebih suram —¿‘,Positive
Ide Kreatif Channel,4,Help me Kenapa tidak muncul kata masukan tanda tangan yah saat menghubungkan ke metamask Sehingga saya tidak bisa upload hasil karya saya saya menggunakan android,Positive
Marvel Paleva,5,How I change my profile picture and names in android,Positive
den loloy susilo,2,Good,Negative
Ridho Cell,5,Coba dulu,Positive
Kicauan Chanel,1,Ikut ikutan instal krn penasaran setelah selasi instal.. Eehh.. Di buka isinya tulisan error,Negative
Jonathan Edwards,5,‘‘,Positive
Dwyndra,4,Cobain dulu,Positive
DT,4,Semoga bermanfaat,Positive
vlog supray-ana,5,Gemana sih cara biar kaya Gozali soalnya saya gaptek bahasa Inggris,Positive
Mas Yudha,4,Kenapa aplikasinya dari kemarin gak bisa dibuka....?? . .seriap mau buka ...error terus .,Positive
Fathan Kurniawan,5,Jayadi siapa anyingg,Positive
ZN_official ,3,Sudah  hari ngk bisa masuk ke opensea .mohon diperbaiki ™ soalnya bukan saya saja yg tidak bisa masuk . Thanks,Neutral
Sucen Channel,5,ajib,Positive
Rona Suksmoko,5,keren,Positive
Beni Huda,5,Lagi piral,Positive
Decky Rizal,5,Mantapo,Positive
Ikhsan Ramadhan,5,beli nft yang gw plis lagi butuh uang bangett,Positive
Otaku Fals,5,l love nft,Positive
Herozen,4,Can't sell Art at phone,Positive
Sadewa chanel,5,Berguna,Positive
Muhammad Aditya,5,sangat bagus,Positive
Ksatria Tersembunyi,5,ok,Positive
HakiMaiden Coco,5,Nice,Positive
sialan cs,5,Banyak yg pake ini pengguna crypto semakin banyak  semoga harga crypto semakin turun terutama btc  kalo bisa btc kembali ke harga tahun lalu agar ada yg jual rtx di harga sejutaan.,Positive
Salafi Amin,5,Semoga sukses kaya Gozali,Positive
agus heriyanto,5,good job,Positive
ANWAR ANWAR,5,Aplikasi ok,Positive
Muh Rendyy,1,Kenapa aplikasi ini membutuhkan aplikasi lainya? Paketan saya hampir habis.... Maafff.... tolong diperbaiki yaaa....,Negative
USMAN S.E.,5,Good,Positive
"AnKuYu Channel,1,Lagi error kah opensea ""an error accured and we're working on it"" why ? When it fixed?,Negative"
Cika Selera,4,Good,Positive
Yusup Effendi,3,Tolong aplikasi diperbaiki. Masuk angel eram,Neutral
EPU DEDE,5,Good,Positive
Aqila ,5,Like,Positive
Kevin Ibrahim,5,Nice,Positive
film keren,5,bermanfaat sekali,Positive
Catur Danang,4,unsold,Positive
Dheen_ Production,5,apk nya bagus,Positive
GOKS production,1,NGABLU!!!!!,Negative
Dwi Reno,5,Ok,Positive
Kastalani,5,bagus,Positive
Kmart Makassar K-Link Makassar,5,Top,Positive
badut urban,5,Ada yang jualan bajutoko pakaian wkwowkwok pea lo kira shopi dan sejenisnya nft itu isinya karya seni digitalgambarmusikdan sebagainyalu mau jual apapun random ya gabakal lakukalau orang ga minat disanabikin nft tu gacukup bulan bulanantaun taunan kalau mau sukses jualan ginianlo kira pengen kaya cepetsampe foto ga senonoh segala dijualakwokwowkolo kira itu seni,Positive
Syamsul Arifin,5,siip lah,Positive
UDAMU UUDAM MICHAEL,1,I can't sell my photos,Negative
Rasya Fadhillah R,1,NFT BUAT KARYA BUKAN BUAT FOTOÂ² GAJELAS ANJ,Negative
daffa alfatih,4,Masih mencoba,Positive
Herlianor Herlianor,4,OpenSea...mantaps..tempat seni jadi lebih bernilai,Positive
"Riyan Dhy,2,Ini gimana sih mau dihubungin ke akun metamask kok nggak bisa-bisa. Selalu muncul tulisan ""an error occured bla..bla..bla"". ˜‘˜‘ diperbaiki donk,Negative"
Agus Basuki,3,coba dulu,Neutral
abc def,1,kok error ya kalo dibuka aplikasinya dihubungkan ke e wallet nya juga gabisa,Negative
CILGEM PUTRA ONLINE,3,Ikut ikutan selfie baru gabung  foto ku selfie terjual  juta ¤—¤—¤—,Neutral
Hairil Christian,5,sangat Bagus aplikasi ini harapan saya semoga bermanfaat dan saya bisa mendapatkan tambahan uang untuk membantu perekonomian keluarga ™¼,Positive
Nugroho Eko,2,baagus,Negative
Randu Randu,1,Tidak dapat membuka aplikasi,Negative
Rindo Daswandi,5,Good,Positive
Yana Permana,5,cuan cuan besar,Positive
alifah natasya,5,apk ini keren banget,Positive
Waluyo Adi saputra,4,mantap,Positive
Kakang Guru Abdi,5,semoga ada Rizqinya,Positive
YAYAT HIDAYATULOH,3,How do I log in or register for an account why can't I register?,Neutral
Khaerul Huda,5,bagus,Positive
dew jester,5,goodd,Positive
Reja adriyansah,5,instal aplikasi ini mau liat ketolollan dan kebodohan bapackÂ² dan ibuÂ² wakanda awokawokawok kebelet ghozali,Positive
Antoni,5,ok,Positive
HEngKy CipTaAngGara,4,Baru belajar tapi bingung,Positive
komarudin,3,saya suka aplikasi ini good,Neutral
BRAVOES TV,5,sangat bagus,Positive
Kalong Mn,5,Jangan menyalahkan orang yg membuat aplikasi.karya orang harus kita apresiasi.salam rumpin,Positive
Madu Annahl L,2,Coba dulu kalau memuaskan dan sesuai kasih bintang ,Negative
YRVON Channel,5,Thanks for š˜,Positive
Fahmi Maulana,5,bagus,Positive
DinoGo Craft,2,Saat baru masuk open sea tiba tiba eror dan saat saya mau login dia tidak terjadi apa apa padahal koneksi internet sudah bagus â˜¹ï¸,Negative
Fatma Wati,5,coba kali ajaaaa.............,Positive
Raihan malik,5,nice,Positive
RHYZ SII,2,Saya lg belajar mengamati dulu,Negative
Rizky Wibowo,5,Jos,Positive
Muhammad ali rahman Saragih,5,best is the best,Positive
Aprie Harun,5,Diperketat lagi untuk upload foto agar tidak sembarang foto bisa masuk disamakan dengan dunia nyata mana yang sebuah karya yang patut ada di opensea dan mana yang tidak layak ada...,Positive
Boni Putra,5,good,Positive
Wawan Darmawan,5,bereeh,Positive
Rio Yuliansyah,5,Bagi yang gatau aplikasi ini itu kayak Facebook. Bisa juga beli gambar kerupuk alot˜…â˜ï¸,Positive
aditya hidayat,5,Thank opensea saya bisa dapat penghasilan lumayan menyamai umk hanya dengan menjual hasil jepretan kamera hp saya˜‡,Positive
Melon Apple,5,Mantap,Positive
Madin Official,4,Mantap,Positive
Roni Hendrayani,1,Mantau aja dulu deh,Negative
"riri Arifa,5,Apakah lagi eror aplikasinya? Atau down? Stiap dibuka tertulis ""Terjadi kesalahan  kami akan segera memperbaikinya. (An Error Occured we're currently working on it). "",Positive"
Harun Arasid,1,Asli nih rame bnget Ngejar duit sampe segini nya Gx tau DUIT HARAM atau bukan inget DUNIA hanya tempat tipu daya semata sampe foto telanjang ajh llu jualbeli Inget oiii...!!!!!!,Negative
hambali Syafii,5,ok,Positive
"Dicky Febryan,4,mudah""an memberi keberuntungan,Positive"
F Silvester Siboro,5,Membuka mata dunia menuju dunia lain...,Positive
Sumardin official story,4,mantaplah,Positive
Fahri Alfarizi,5,mantap,Positive
jumar rudin,5,Kk,Positive
Aslamiyah Fitri,5,Kek nya harus download dilaptop sii kalo dihp kekbya gak bisaa bikin nft ˜´˜´˜´˜´˜´,Positive
BYRA production,5,LIAT KE TLL AN ORANG + UPLOAD DATA PRIBADI WKWKWK NGAKAK,Positive
susan to,5,baru Makaimoga aplikasi nya bgs,Positive
Jalur Lembek,2,I cant log in to my meta mask. Please fix it,Negative
Zee_none MzL,5,Gw download apk ini cuma pen liat warga + yang bego nya bukan maen ngerugiin animator anjg suka nya ngerusak pasaran nft aja pengangguran,Positive
Rohmad Dony,5,good,Positive
Bubur Kacang Hijau,5,nice art apps,Positive
BANG ABI,5,keren,Positive
Jon Felix,5,mudah mudahn ada,Positive
Safiraa.,5,Ngakak bgt liat orang-orang yg kebelet kaya biar kayak ghozali trs download ni OpenSea˜‚˜‚ Udh itu ngasih bintang  krna gk dpt apa apa.. Ngakak wkwk˜‚˜‚,Positive
Zeus Gee,5,baru nyoba rada susah aplikasinya sempat gak ngerti,Positive
Arsad Rizhan,4,best,Positive
Erdiansyah,1,Saya tidak bisa connect,Negative
Emen Cengceremen,5,Penasaran gara-gara Ghozila.. ehh Ghozali everyday¤£¤£¤£,Positive
Mudo Yunarto,3,Mau tau apa sih NFT,Neutral
Adi Sampang,2,hh,Negative
Dhie Primitif,5,bagus dan bermanfaat,Positive
Syaiful Arif,5,sangat bagus dan membantu,Positive
Long Life wokey,4,utuk saat ini masih bagus mudah mudahan seterusnya bagus,Positive
Oentoeng_ PLU,5,good job fair honestly guys,Positive
Andi Arga,5,Wahai netizen + yang cerdas lagi budiman jangan selalu ikut tren Ghozali itu beda yak NFT itu marketplacenya para kreator. Tiap yang dijual disinj memiliki esensi dan estetika contoh Ghozali jualan dia laku keras karena keunikannya itu ada pada konsistensinya dia rela foto selama  tahun karena konsistensinya dan disitu letak keunikannya. Jangan karena ikut tren dan malas tiba-tiba mau upload selfie seenaknya masukin foto keluarga dan upload data pribadi.,Positive
DONI STEVEN,5,good app for got money,Positive
Andri Yanuar,1,Jangan lihat ke atas nanti tersandung.......... Wkwkwkwkwk ¤­¤­¤­¤­ lebih baik lihat ke bawah.......,Negative
"Cecep Foto,2,Kasi bintang  dulumau coba"" aja..moga"" lancar jaya..... Wkwkwkwk,Negative"
Anto Pagop,5,ok,Positive
Trama Wigraha Ginting,2,kita liat seberapa bodhnya org indonesia yg hanya menelan mentah aplikasi ini tanpa edukasi. ingin tenar dengan otak yg dangkal,Negative
Airul Fahruzi,5,Good,Positive
Aun PriyogoTM,5,mantap,Positive
Karimullah Mtd,5,Brafo,Positive
More Official,1,Apk ccd ga bisa di buka error trus Apk ngelag asu,Negative
Sudi Yono,3,Kurang stabil sistemnya,Neutral
Zainal Arifin,3,Tiba error padahal tadi lancar,Neutral
Belvana Selima,5,bagus bisa jual NFT kita disini,Positive
Ario Nariuyanto,5,mantappp,Positive
Juragan Bola,4,Masih Nyoba,Positive
Deddy Ferdiansyah,5,very good,Positive
Yongkhy Maradona,5,luarbiasa sangat menyenagkan,Positive
Eni Lestari,5,Good,Positive
Jack Bagjas,1,Banyak disalah gunakan oleh orang Indonesia yang menjual diri nya sendiri tolong untuk pihak aplikasi untuk seleksi karya seni bukan foto diri sendiri ataupun selain dari karya seni itu sendiri !!!,Negative
city sarah,4,good projeckk,Positive
Opeck Official,1,aplikasi eror..gak bisa buka apa. tulisannya eror semua,Negative
RAHMA FIRMA,5,oke banget,Positive
adisondavid silalahi,4,Good job,Positive
Input SDGs,4,aku sih yeeeees,Positive
Apasaja Oke,5,Ok,Positive
Nupi Pies,5,Goooood,Positive
Busro,3,mntap,Neutral
expresi cah ndeso,5,good,Positive
Dimensi Official,1,Kenapa apk ini error saat d buka,Negative
Cahya Gumelar,5,saya menjual photo saya dan terjual seharga  eth serasa mimpi jadi org kaya,Positive
Endd_endd ,2,kadg eror,Negative
Lukman Nurhakim,4,terbaik. ‘‘,Positive
ANTON HARYADI,5,very very lah,Positive
Vera Siahaan,5,Gak bisa Di dwoanload,Positive
Iswan Chachi,5,teh great,Positive
Andrianto Djiang,5,Membuka wawasan,Positive
Wisanggeni Suryo.S,5,oke,Positive
Rafli Ansyah,5,Keren,Positive
Sabda Maheswara Mardhika,5,Good,Positive
Zziie Gammee,3,Kok ada gas fee nya ya,Neutral
Muh Alaudin,5,Mantap,Positive
Fizan Aa,4,ia god,Positive
Marco _,5,Knpa opensea gua kagak bisa create/buat NFT... Bagi tau donk apa masalah nya... Hehehhe¤­¤­¤­,Positive
Lek Gaming,5,Good,Positive
ABLAHOCK Art,5,good,Positive
Nurfazira Ain,4,‘‘,Positive
Noise sound RELAXATION,5,good,Positive
Arya Adetiya,5,nice,Positive
An Dy,5,hebat ‘‘‘‘,Positive
tang kese,5,mntap,Positive
Glosst Dry,5,Kesini karena ghozali ˜¾‘ Tapi kok banyak yang upload mukanya ˜­,Positive
Al Damen King,5,gud,Positive
Aset hobby fish,5,keren banget,Positive
Marr SAIF_,5,Bagus x ini apliksi . Bnyak blajar ya kawan,Positive
Anna Mustifa,5,The best,Positive
Hartono Dsn,2, dulu lah,Negative
Rasmaida Tambunan,5,Ini membantu saya dalam memajukan pertumbuhan ekonomi. Dan juga membantu supaya terkenal. Saya sarankan utk di download karena app ini bagus sekali‘,Positive
Omega Pangarso,5,Joosss gandos,Positive
Saras Santoso,3,‘,Neutral
Siwa Bimantara,5,aplikasinya bagus semoga nft saya bisa terjual™,Positive
Hima wanto,3,tes again,Neutral
realme hp,5,Mantap buat rejeki sesorang bertambah,Positive
Asep Daryono,5,Okay,Positive
Yopi Dhana wiharta,1,tidak semudah itu fulkoso bisa jual photo loe padaada jalurnya dan sedikit keberuntungan bila ingin seperti ghozali.bodoh boleh tp tolol jangan.,Negative
Susy Simamora,5,Pemula,Positive
Jimmy Soeanto,5,great,Positive
Bikun aja,5,share my happiness memories by art. no matter sold or nah i will keep sharing my virtual journey. check my account : SimpLordTWOM ~pulse,Positive
Darlin EFENDI,5,good,Positive
Dedi Kusumanjani,5,Mantap,Positive
ahmad sukhi,5,top deh pokoknya,Positive
wulan safitri,5,Lagi viral orang + di aplikasi ini jadi penasaran ada apa akhirnya download deh˜‚,Positive
Muhammad agus rifani,1,kok gua buka apk nya kaya error gitu yahh kenpa gua mau jual nft mlah eror mau daftar gabisa apk tolol,Negative
Body ,5,mantap,Positive
lutfi adhari,5,the best,Positive
Awan Gunawan,5,selama itu aplikasi yg bisa ngasilin unag kasih bitang  ˜,Positive
Iketut Suardana,5,good‘‘‘,Positive
Rita Elvira,5,ok,Positive
Zul Kardiman,5,good locking,Positive
Whyoe Channel,5,‘‘‘‘,Positive
Bejo,5,baguslah,Positive
Dimas Bahaduri,1,Mboh,Negative
Putra pesibar,5,mantap,Positive
andik avanza,5,Good jobs,Positive
Agung Pribadi,5,harusnya tidak harus membuka web lg saat ingin melihat koleksi. bisa langsung di aplikasinya,Positive
Agustinus Sartono,1,Aplikasi Error,Negative
REVH_PRO,5,GG lah,Positive
Irsyamm,4,download karena mau liat foto selfie ghozaliâŽ foto muka koruptorâœ… #fyptiktok,Positive
Gaby Denisya Backer Leegstra,5,Bagus bisa membantu untuk mencari Koleksi NFT arts,Positive
home sweet home,5,easy use,Positive
Wahyudi Hidayatullah,5,Good App,Positive
Saiful Ahyar,5,be,Positive
Idham Adjamalie,4,good,Positive
Anwar San,1,Lumayan,Negative
Ahmad Nurdin,3,bagus,Neutral
bejita san,5,Good,Positive
warga sekitar,5,kesini gara-gara lord gozhali˜,Positive
Location L,5,smoga berkah,Positive
Musadad Husaini,5,bagus mudah mudahan bisa cuan ,Positive
firman juwanda,5,good aplication better thats all,Positive
kamil ,5,semoga sukses,Positive
Herwin Hendrianto,5,Bismillah semoga berkah¤²,Positive
Taufik Ahmad,5,Hallo kenapa tidak ada fitur Createnya ya....? Bikin akunnya kok gak bisa.....?,Positive
SUPRIYADI SUPRIYADI,5,Bagus sekali,Positive
Ricki Rinaldi,5,aplikasi bagus,Positive
ILHAM HERIAWAN,5,Good,Positive
Putra Wayan,5,Biar ga pada salah up foto liat di podcast dedi kombuser,Positive
Nocturno,5,mantaplah,Positive
Yousfi Bdg,5,good sangat baik,Positive
Ajii X,5,ISENG DOANG WKWK DOWNLOAD INI MAU LIAT WARGA TOLOL YANG JUAL FOTO KTPDLL,Positive
Lampa lao kalai,5,baik,Positive
M Arif Yulianto,5,Aplikasi yg bagusGood job developer!!!!!!!!!!!!!,Positive
CIBIK GOKIL,5,top ‘,Positive
Rizky Surya Pratama,5,mantap,Positive
andhra andhra,3,Kalian download nft buat foto ktp itu adalah hal yang konyol terus kalian foto muka sendiri ngikutin Ghozali kan,Neutral
Opisial Wira,5,Liatin orang orang udick,Positive
irwan es ye te,5,gue belum update terbaru gitu aja,Positive
Anggie Bean,5,wow,Positive
erwin tahir,5,sangat bermanfaat,Positive
Nia Nasifa,3,bgus jg kreatif,Neutral
Awan Kelana Official New,5,sangat bermanfaat semoga melancarkan rejeki...,Positive
Rajawali HRF,5,very good website,Positive
Nopz Official,5,‘‘,Positive
Mirna Wati,5,Mudahan yang ada dsni menjadi org sukses semua..doain juga spy Poto saya laku,Positive
Stasiun Game Banyuwangi,5,Bismillah,Positive
Hendri Acai,5,good,Positive
Eka prasetyo,5,bismillah semoga sukses,Positive
Siz Woo,5,good,Positive
Ranggi Arief Rajendra,5,mantabb,Positive
Aldi Sprnto,5,mantap,Positive
arya jpro,5,bagus apk ya,Positive
Gun Nawan,1,Gw insalll apk ini biar bisa uninstall. Soalnya lg gabut.,Negative
Ramendra R,5,keren ‘,Positive
Akardone Akardone,3,baru mau nyobaa jdi tak kasih  bintang dulu,Neutral
M H,5,Buat lu yg download cuma mau kaya kek ghozali¤¡¤¡kebeletkaya?¤¡¤¡¤¡ Lu merusak apk @sw,Positive
Egi Agustina,5,sangat bagus,Positive
Nizma Deliana,5,aplikasi yang membantu,Positive
samaung samsung,5,yt,Positive
Fareeq Hutagalung,1,Ga bisa di download,Negative
zalu ,4,Nice mate,Positive
doctor kebut,5,nice .....,Positive
Arry Bocil Channel,5,Good,Positive
Eki Badawi Rifa'i ,1,Buruk. Tutup aja ku,Negative
awi bireun,5,insfirasi bnget˜„˜„˜„˜„˜„,Positive
Burung Berkicau Sidoarjo,5,Coba coba deh instal app inisetelah selesai q buka dan q tekan menunya satu persatumasukin ewaletnya.trus kembali lagi ke opensea. Tak pikir pikir ini gimana uplot fotonya? Dan sampai sekarang masih gak mudeng saya˜­˜­˜­,Positive
Roxy Net,5,keren banget.,Positive
Han Official,5,good,Positive
Ivanranggi Damanik,5,hmm beli dong NFt saya,Positive
Ghufat Noerhakim,1,Not working eror app,Negative
eni suharni,3,Baru coba coba ternyata susah bikinnya,Neutral
SYARIFUDDIN UNIX,5,autentik,Positive
Yusep Permana,5,mantap,Positive
Kita TKI,3,sedikit kekurangan tolong di perbaiki kadang restart sendiri,Neutral
C__M. Agoestyan Dwi Saputra,5,go visit my account opensea ( RIYU_YURI ),Positive
dana dani,1,Tidak bisa diinstall di samsung j pro,Negative
Cecep Iwan,1,Wallet not support,Negative
hophop siahaan,2,Wallet mu gk secure,Negative
nur hidayat,5,mantap,Positive
Apri-Tech,5,good,Positive
Muhammad Risky Febryan,4,Mantap,Positive
Theodorus HDP,5,TOP,Positive
Affand Faldi Win,2,Nganu mas?,Negative
adom Zaenudin,1,cara jual nya gmn!kok g ada buat ngejual......,Negative
Bobi Irawan,5,bagus,Positive
Automotivation,5,Be nice.....!! ‘½,Positive
Rifky Doplek,5,aplikasi sangat bagus,Positive
Ikoh Ropikoh,4,ok...very good,Positive
looliepop channel,4,Kok gak bisa sinkron ya sama metamasknya?,Positive
NOOB YT OFFICIAL,5,Korban virall wkwk,Positive
anjas mara,5,good jobs,Positive
Muhammad Ramdan,5,Mantap,Positive
Dira Angraeni,4,saya kasi  dulu karna masih mencoba. cuman sejauh ini ok ‘Œ¼,Positive
Kept Channel,4,Saya mau jual foto selfie dengan KTP kira-kira laku gak ya ? Saya udah cape jual ktp di pinjol pegel foto selfie nya cair mah kagakk,Positive
Oppo A,3,bintang  dlu soal blum tau perkembangan apk nya,Neutral
LEMAN SULAEMAN,5,good job,Positive
Sigam Feri,5,mntap,Positive
Rlenciv,5,Gara gara ghozali w instal nih apk unch,Positive
Maseno Seno,4,lumayan goood,Positive
JAPRA TEAM,5,Good,Positive
Squid kerja GOJEK,5,Baru mau coba semoga saya berhasil mendapatkan uang dari Apk ini,Positive
Go Familiar,4,bagus,Positive
Chanel Frontal Indonesia Gaming,5,I like It,Positive
Yerry Max,5,mantap kita bisa berkarya disini ¤©‘,Positive
Nizar Entertainment,5,the best,Positive
Popy Fajri,5,Ga tau apa yg harus bilang...ini beneran apa cuma untuk meramaikan sasana dunia per donwload an..supaya banyak orang tertarik..kasih bintang  walau ga tau apa yg terjadi...,Positive
Rudy Sukron,5,good,Positive
W. ZAN Channel,3,Tidak ada salahnya untuk mencoba hal baru yang positif tentunya.,Neutral
Pace Garong,4,saksikan ASMO,Positive
"Basing Aja,5,Wow makasih dulu saya sering ingusan tapi sekarang semua itu berubah... ___karena ini aplikasi saya sekarang sudah punya mobil listrik Teslahhh hasil jualan muka saya hahaha :D˜ mantap sekali ni aplikasi wkwkwk bener bener dah legit ____Sekarang gak seperti dulu Dulu gak seperti sekarang heheheh __Saya rasa bintang  belum cukup harus saya jebolin lagi sampai bintang "" t th mn""˜ Uh yeah huba huba huba... Huba bibi huba bubu.. _Udah itu aja nulisnya capek haha˜­ Apa sih Ah uda ah,Positive"
Creative Studio,4,Semoga berhasil.,Positive
RE,5,bagus keren mantap,Positive
Nur ali,3,masih bingung gue apa arah tujuannya,Neutral
siti aisyah,3,Kenapa gak ada pilihan buat connect ke coinbase wallet??,Neutral
Yuli Cahyo,5,bagus,Positive
Eko Sulistyono,5,Alhamdulillah kalau begitu,Positive
Junanda Here,3,coba dulu,Neutral
sultan betta,5,jos,Positive
Kdewii ,1,Gk ada tombol posting bingung sy˜µ,Negative
Dhimas Bagus,3,Tolong kedepannya lebih di tingkatkan lagi supaya ga sembarangan orang masukin foto jadi rusak website ini gara orang norak asal- asal jual di sini.,Neutral
Deki Hakiki,1,In aplikasi paan SH gaje bet dah,Negative
"yulius kaharap,1,teknik dagang tingkat dewa ""NO COMMENT"",Negative"
Riska Amelia,1,Ini kok error terus yah? Padahal koneksi internet saya cukup bagus lho.,Negative
Rizael rezpector#,4,dicoba dulu. mana tau cuan,Positive
Dewa ,1,Dha gk ea cara pengaturan bhs nya. dri bhs Inggris ke bhs indo agar mudh menjalan kn nya.. Tks,Negative
Awat Panigoro,5,like,Positive
Goss Channel,1,YANG DONWLOAD UDAH DIBODOHI. SAYA UNISTAL KEMBALI. UDAH RIBET UNTUNG ENGGA. GAUSAH BELAin KALO UNTUNG HANYA ORG TERTENTU. BACA DULU KOMENAN NYA WOI JELEK KAN,Negative
Elbi Alfarisi,5,sangat bagus,Positive
Oscar TV,5,GG gaming,Positive
Media Channel Bali,5,Good for me,Positive
Romi Almon,5,Ok let's go,Positive
Asrul Qorik,3,Moga bisa jual karyaq dengan harga termAhal,Neutral
Robin Parlindungan,4,DEAR OPENSEA SAYA HARAP OPENSEA SEMAKIN BERKEMBANG DALAM PERDANGANGAN NFT .,Positive
Mr Jac,5,Banyak orang bodoh beri rating  disini menjelekkan aplikasi karena tidak tau environment NFT. Belajar dulu apa itu dunia IT lingkungan Digital Source Code Pemrograman dan semua Iptek baru bisa operasikan. Jangan karena ada berita orang dapat puluhan Milyar jadi mata hijau semua berbondong bondong ke NFT Platform lalu saat ekspektasi tidak terpenuhi malah ngomong kotor dasar udik ini semua seperti dunia nyata bagaimana anda memprogress usaha anda dan seberapa unique BISNIS anda.,Positive
Rahman Saputra,5,belum ada penggalaman,Positive
Baba Caca,5,Very good,Positive
Muhammad fardillah Dillah,3,Masa sieh,Neutral
Musih Chanel,5,sangat puas,Positive
Bagas Walkerss,5,sangat bagus,Positive
Hasan Muzzaky,1,Gak jelas,Negative
Allponco Gonzalles,5,bgs banget!!!!!!,Positive
mawardy monteiro,1,tidak bisa login :(,Negative
sugeng mustofa,1,percuma tidak bisa digunakan,Negative
Rafania Almeera,5,so many good hope and dream bismillah,Positive
Silvester Brandon,1,Error klo udah gak error bintang â­â­â­â­â­,Negative
lucu lucuan,4,oke,Positive
Senja Adriana,5,wish me luck,Positive
Den Rozzi,5,hbb,Positive
MUHA TV,1,Selamat kalian dibohongi sales,Negative
Zall Dzibril,5,mantul tul tul tul,Positive
SAY NO TO RACISM,5,So far so good,Positive
Ceo Ceo,2,Knp klo udan uninstall kok ngga bisa di download lagi,Negative
Xi Vlog,5,Cuman iseng iseng FOTO Selvi ternyata laku dan baru  minggu pakai app ini sudah dapat $,Positive
Sugeng Rusmanto,4,top,Positive
Achmad Syafii,5,Mantap,Positive
king aquarius,1,Apk jelek gk bisa di connect sekarang Uinstal aj,Negative
sidom apui,5,siip,Positive
Ahlun ,5,nft to the moon,Positive
PRASETIO LUKITO,5,great,Positive
Mr Wok,5,ok,Positive
Kristian Ekachandra,1,error connection pada android ,Negative
Mus Putricila,5,mantap mudahan selalu menjadi yg terbaik,Positive
San Fatih,5,good aplication,Positive
Taufik Andryan,1,Unname.... gmn cara masukkan foto help... me... sudah conect ke metamask tapi di opensea gak ada profil,Negative
andrean anng,5,Sangat membantu,Positive
New F Jaya Laksana,5,so far its very good,Positive
Amadi Fikri,5,semoga bisa sukses,Positive
Derry Nurmansyah,1,Fakkk ur server. It's always down and down. –•–•–•–•–•,Negative
Hendra Hendra,3,tingkat kan lebih baik dri yg sekrg,Neutral
Mata Minus,1,ini kenapa ya  pas saya buka profil trus saya cek ko karya saya cuman ada  aja tp pas saya buka opensea via trus wallet saya cek di my profil keliatan semua karya yang udah aku bikin apa emng begitu kah ?,Negative
Kandang Beton,5,good,Positive
Fuad affandi Polone,5,Saya sengaja DOWNLOAD aplikasi ini dan sekedar mengingatkan ini bukan aplikasi Pesugihan ONLINE BUKAN tuyul Virtual yang bisa menjadikan kalian KAYA dalam sekejap ¤£¤£,Positive
nanang maulana,2,Aplikasi burik,Negative
Irvan Efendi,5,Bismillah cuan,Positive
Mamet prank,5,keren mempermudah pencarian,Positive
Ujung Freedom,1,buruk,Negative
Mahdiwar,5,Hebat,Positive
Fiersa Kaku,1,Ngga aman,Negative
Ryan GMing,5,Dibodohi? kau hanya mengerti membodohi tapi tidak mengerti pandangan orang-orang seni kau tau apa? Gw tanya kau tau apa? Sono kuliah dulu jurusan dkv nanti lu bisa katakan lagi itu hal bodoh atau tidak seni bukan hanya tentang suatu hal sempurna atau bagus seni juga termasuk tentang perspective  wild imagination object illusion value abstract color composition dan tehnik lainnya semua tergantung bagaimana cara mereka memandang seni. ãƒ©ã‚¤ã‚¢ãƒ³ (Ryan),Positive
Dwi syahputra,1,Sial!!!!!!! Masa harus daftar pake hepeng meneh,Negative
oki tian,5,bagud,Positive
Mochtar cereni,3,Coba dulu ya ntar balik lagi.,Neutral
TIO CHANN,5,bagus,Positive
Suma Nto,4,oj,Positive
mmm lulu,4,good,Positive
Ali Kujiyo,1,it's not practical because you have to open opensea.io so it's a useless application,Negative
Eris Fauzi,1,Kenapa susah untuk diinstal ? Ada yang bisa bantu knp ? GALAXY AS,Negative
rildas putra,3,ok,Neutral
Alfonsus Hengky,5,Very good,Positive
Gunawan Wawan,2,Blm coba,Negative
kila kia ,5,semoga nft saya cepet laku,Positive
Game Id,5,Hmm OpenSea menurut saya bagus sih soalnya kita bisa mengekspresikan perasaan kita melalui gambarvideoatau seni yang kita buat dan bukan hanya itu OpenSea ini juga memberikan berupa penghasilan yang cukup besar. Visit My OpenSea ILHAM_NFT.,Positive
Isman Mukhtar,4,baru belajar,Positive
Achmad Dzaky Fachrie,4,lumayan,Positive
Sairan Sairan,1,Baru masuk ke menu udah ada error gimana sih ? Niat gak nih dev nya buset deh,Negative
Dwi Payana,5,Ntap,Positive
Fian Alpiansyah,3,Tutor oi cara buat jualannya gmna,Neutral
riyadiva ,5,Semoga bermanfaat dan mendapatkan tambahan rejeki,Positive
Karjon tok,5,rodo mumet sih tapi akhire iso,Positive
Frida Francisca Pasaribu,5,bagus banget,Positive
bayu septian,5,good place for you to share art or anything you can do it,Positive
Aris Minarto,5,Sengaja saya kasih bintang biar yg mau download baca. Aku sdh download dan aplikasi nya ga bisa di apain jd kita download ya sdh cuma lihat aja Login ga bisa mau apa ga bisa.... Jgn download,Positive
djoko sumawa,4,Mau tanya kok saya mau setiing profile tidak bisa..tidak ada settingan nya..bagaimana caranya ya..mksh,Positive
Rony Adrian,5,mantap,Positive
Dee Ingz,1,Gk di browser gk di aplikasi gk bisa dibuka padahal jaringan bagus.. Maaf uninstal..˜¤,Negative
RIDWAN SETIAWAN,3,Semoga bisa mengembangkan bakat bermanfaat untuk saya,Neutral
Dwi Andi Hadi Saputra,5,sukses slalu bt open sea keren bisa nambah penghasilan semoga saya jdi milyader bersama open sea trimakasih.,Positive
AsalUsul,4,Nyoba,Positive
Jatnika Ka,3,Cara buat akun nya gmn?,Neutral
Officel Fatmah,1,Ko ga bisa di download knpa sih padahal Ram sya ga penuh .. apa ya Maslah,Negative
Vicky Nugraha,5,Mau mencoba,Positive
"It's Adit,4,Saya mohon kepada devloper agar memblokir akun pengguna yang memajang foto yang tidak sepantasnya berada di Opensea ( foto selfie foto"" yang tidak memenuhi kriteria seni digital) karena itu akan merusak pasar NFT dan membuat Opensea tidak lagi dikenal sebagi tempat dipajangnya suatu karya seni.,Positive"
Munawar Munawar,5,good,Positive
SYAHRgaming,1,Kenapa gak bisa didownload ini aplikasi?,Negative
TD Chanel,5,sangat baik,Positive
Imam Wahyudi,4,Nyoba buka tpi jlimet mlakune ra mudeng kang bos... Mumet plus pening mau buka..˜‡˜‡˜‡,Positive
A. Alvyn Muyassar,5,Cukup bagus akhirnya saya cuan banyak karena menjual  gambar. Terimakasih opensea,Positive
aku regel,4,Gue kasih bintang  dulu klu beneran guatambah bintang  lagi.hahaha,Positive
nanda raffi,3,Aplikasinya eror ga bisa memuat halaman,Neutral
Po bae,4,masih dipelajari,Positive
Iskandar Putra,5,mantap,Positive
Akmar Ibrahim,5,keren,Positive
Rojak Antholin,2,gak bisa buat uploads foto hasil karya,Negative
danang tianggara,1,Eror mulu,Negative
imlaa Xz,5,good,Positive
Agust WP,5,‘‘‘‘‘,Positive
Sammy Kevin,5,so far so good,Positive
Judhay cavalera,5,Mantap,Positive
Muhamad Nurul Hadi,5,puas,Positive
Channel J,5,Sangat Keren,Positive
ANGGELITUS SURI,5,Semoga hoky,Positive
Salsabila Dan Hanifah Family,4,Coba dulu,Positive
D'Golep Channel,5,Good,Positive
Will Dreg's,5,Baik,Positive
Ruslan Bahar,5,aplikasinya mantap recommended banget‘‘,Positive
Indah Setyani,2,Menu create dimana ni bos,Negative
Fitri yanti Yanti,5,Ibu rumah tangga,Positive
Ali Rosidin,1,Gk bisa dipakek memuat,Negative
Ilham Rise UP,5,Gg,Positive
Badai Gurun,5,Wah Keren. Sy coba iseng pas nangkap gmbr kucing lagi BAB. Trs cb dipasarkan & tdk disangka ternyata dibeli sampai seharga  mobil LAMBO... & hasil dr penjualan gmbr itu sy belikan mtr NINJA ZX... Sngt menyenangkan hari pertama sy mencba motor baru mutar dikompleks & tiba ad anak kecil nyebrang jln & sy kaget lngsng ngerem mendadak & sy pun lngsng terjatuh & disitulah sy terbngun. Ternyata cm mimpi... Mas kerja jgn cm berhrp yg tdk. INSHAA ALLAH REZKI GAK AKAN KEMANA. IKHTIAR MAS¤£¤£,Positive
Rohendi hendi,2,Ko ga bisa ngapa ngpain sih ??,Negative
Syamhadi TV,5,mantap,Positive
O.B.S OUT BOX SOUND,4,for developersâš ï¸ why the app can't appear? showing only (an error occurred and we are working on it) I hope it works soon‘Œ,Positive
Wairuakira Official,4,Not bad,Positive
Endy Prasetyo,5,Foto karyaku laku  juta,Positive
Afid Arifin,5,Mantap nih pemilik aplikasi dapat cuan dari Ghozali Everyday —¿,Positive
Arfan Asking,5,sangat membantu saya,Positive
Cepy Haikal,1,Tidak ada tampilan nyagak bisa masuk profil akun gak semuanya gak bisa,Negative
Syarif andriano,5,ok lah semoga rejeki saya di sini,Positive
Andi Eka Prasetya LBD,4,Nice Market,Positive
Rayyan,1,Busuk,Negative
Joko Guntoro,3,Cukup bagus,Neutral
artha choi,5,Mantapp,Positive
Nuzula Rahma,4,Coba,Positive
Cah ngluyur,1,cara nya gimana,Negative
Segeri Segeri,4,moga gue seberuntung ghozali,Positive
"Beryl Januzaj irfandi,5,mudah""an bisa membantu,Positive"
NSU Channel,5,good app,Positive
Amin Widyarto,5,secara aplikasi bagus,Positive
Ardi Taher,1,Gak mau kebukak udah dua kali instal uninstal mentok di profil,Negative
denny dista,5,CryptoFish,Positive
Riyan ,5,Lumayan buat nyuri foto Nft wkwkkwk klo jualan mah mana mungkin bro dlu dah pernah jualan kek gni gk laku laku,Positive
axcelx ,3,Coba dulu,Neutral
Tirasa Channel,5,Bisa bikin kaya ‘‘,Positive
BadaiRimba Channel,4,sangat bagus,Positive
Mak Bray,5,Mantap,Positive
anto dawet ayu,3,Ok,Neutral
Imel_da Lesmana,1,Cara ganti nama dan uploud karya e gmna. Koq bolak balik. Balik bolak mentok wae.,Negative
Lilik Kamhar,4,Banyak Ghozali ya di sini ngab ˜…˜‚,Positive
Asep Sutisna,1,* dulu karena ga bisa dibuka mo coba instal ulang.,Negative
Bang ucup,5,mantap,Positive
sakarepku project,1,Ini apk NFT / apk eror?,Negative
Rizki saputra,5,Bagus lah !!!!!!!!!!!!!!!!!!!!!!!!!!!!!!!!!!!!!!!!!!!!!!!!!!!!!!!!,Positive
chikideliciouz aja,5,mantap jiwa,Positive
Dian Permono,3,coba dulu,Neutral
Sokri Anto,1,Aplikasi gak jelas ‘Ž–“ Klo gak niat bikin hapus aja.. Keluhanku ya seperti mereka yg nanggapi kritis,Negative
Ijal Zaragoza,5,I need money’µ’¸’µ,Positive
Fixyku You,5,mantap,Positive
Jinan Nusi,5,Ok,Positive
Pulu pulu,4,mantap,Positive
Munadi Mudasir,5,Bagus untuk mendapatkan cuman,Positive
Zaydil Y,3,Kok tidak bisa buat nft nya ????¤”¤”¤”,Neutral
Andhika Putra Prawira,5,saran saya bisa langsung menjual karya lewat aplikasi di android saya langsung,Positive
Baby Call,5,nice,Positive
Kazuna ,5,I cant use. But ok,Positive
Ridho Ayyamin,1,Kok tulisannya an error occured and we're currently working on it,Negative
Adara Callysta,5,My Media to make Art,Positive
A. SINRANG,5,mantap,Positive
Sena Enggih,5,aplikasi yang bagus,Positive
Mar juni,5,good,Positive
yuliana nathalia,1,Habis download..gak tau mau ngapain...dan memang gak bisa ngapa ngapain. cuma liat postingan org..dan tidak ada opsi untuk mengupload file..,Negative
GUNAWAN Wibisono,5,Semoga karya foto aku menjual gorenagan lemari baju anak dan foto KTP aku dihargai mahal,Positive
ALBERT Fiando,4,apk ini sangat membantu saya jadi tau hal non fungible token walau masi pemula saya berusaha untuk menjual karya saya terimkasi ibu sudah mengizinkan saya memainkan iniâ¤,Positive
Dimas,4,Gozali,Positive
September Delapanenam,1,Error gk bisa di buka,Negative
yekti jayaningrum,2,I can't install and i don't know why. I was check my phone memory still enough for this. Would you give me solution? I will appreciated for your help. Thank you,Negative
Dede Yusup,5,ok,Positive
Dian Septryanto,5,Future,Positive
Made Riyadyana,5,top,Positive
Rizky Haidar Ramadhan ,5,Banyak yang selfie,Positive
Rstnd,5,cheers up! wish me luck thanks.,Positive
Aren Aren,3,Coba dulu,Neutral
Aie Malawatie,5,The datalist Element ,Positive
Pace kendari,2,gozali...gozali....dunia mengalihkanmuâš¡âš¡âš¡âš¡ Ï€ network¤£¤£¤£¤£,Negative
eni setiyowati,1,bangkeee gag bisa di pake....sampahhh,Negative
NINJA STORY xl,5,mantap bos qiu,Positive
yzu i,5,gud,Positive
"The Aquatic Green,5,Alhamdulilah akhirnya ada yang beli karya"" saya... udah ke beli rumah sendiri ˜Š,Positive"
indira haryudi,1,Ga bisa di download padalah hp baru,Negative
A Mel,4,Kesini karna ghozali,Positive
daldini ,5,Downloadnya lama,Positive
Aziiz Aghna,3,Udah connect wallet tp Ga ada tombol settingnya woyygimana mau edit profil sama upload !!,Neutral
Siomay Bonbon,5,Gozali everyday,Positive
Armando Hugo,1,Yang download skrg banyak orang norak uninstal deh. Moon maap banyak yang gila duit tapi jd nyampah.. tolong diseleksi lagi. Kalo udah berkualitas akan download lagi.,Negative
Dek juna,1,Tampilan yg membingungkan,Negative
Agus Setiawan,5,Demam ghozali....jualan karya seni digital...yang beli pasti orang yang tahu nilai....(orang yg bingung duitnya mau dibuang kemana),Positive
Ibrani Sasono,1,gabisa di download:(,Negative
"Idul Arumi,5,mudah"" hoki,Positive"
Rochim,5,bagus,Positive
Nevi Librianti,2,Tdk bs diinstal.... bolak balik instal g bisa pdhal jaringan wifi lancar jaya,Negative
Ivan R,5,baguss,Positive
Muhri syari Singga,5,Semoga bisa meraup keuntungan d sini untuk menyelesaikan hutang hutang ku  ibu dan ayah sebanyak kurang lebih  juta,Positive
Pengguna Google,1,G bsa d download,Negative
Afiff ,1,Hmmm yang baca anak kadal,Negative
IKAPRANESIA CHANNEL,5,Aplikasi yang bagus untuk memajang karya gambar digital ¤,Positive
Ismet Firmansyah,1,Ngk bisa di buka,Negative
Richi Ndolu,5,good,Positive
Riska Adawiyah,1,Sengaja saya instal app ini agar kalian pada tau semua..Kalian sdh dibodohi oleh app iniknp sy bilang begitu??Karena orang + suka membully warganya sendiri untuk app ini.Berita viral itu tidak benar dan tidak ada bukti..Mereka hanya agar banyak yg app ini bnyk yg instal..˜‚kalian telah dibodohi,Negative
Yogga R,3,Jual Vidio goyang pargoy laku gag ya,Neutral
Sabar Man,5,Sangat bagus,Positive
Official Wawan Sky,5,NFT sky˜,Positive
evan syahputra,5,awesome ways to MMO ‘‘,Positive
Dodi Rosmayadi,5,amazing,Positive
Musicpediahits,1,Payah error terus.. ga bisa d buka ga bisa create dan ga bisa connect wallet,Negative
Danny Kun,1,Bad,Negative
MATA PANCING PATI,5,belajar jualan karya seni digital,Positive
amin as,1,Pas di buka apk ko langsung error padahal jaringan bagus,Negative
Hezil ,1,Error,Negative
Rendi Suy,5,Oke,Positive
Erix Hermawan,5,sangat bagus,Positive
robert Parkinson,5,Good,Positive
Ahmad Ridwan,5,mudah-mudahan bisa seperti Gozali,Positive
R G,5,good,Positive
cahyadi coki,5,Good,Positive
Chaerul Ilham,5,Hadeh banyak orang latah,Positive
Wawan Idol,5,coba,Positive
F N,5,semua fitur bisa dipakai.mantap,Positive
iffi iffi,1,Tejo,Negative
Muhadi Hadi,5,Sangat keren dan meberikan usaha buat yg mau terima kasih open sea....selama ini membantu....semoga jaya selalu dan terus berkarya di bidang seni dan musik,Positive
Ras Bebas,5,Bismillah komisaris,Positive
Asyer Manik,5,GBU,Positive
Cebong Kadrun Pinki Cebong Kadrun Pinki,5,Mantap‘‘‘‘‘‘,Positive
Cranberries Kopi,1,Ini kenapa error ya,Negative
Irwan Ray,3,Bagus untuk jual beli,Neutral
Riyandi soenarjo,3,Coba dulubgs kasih,Neutral
Rakost' Entertainment,5,Top,Positive
Dix Gamming,4,bagus,Positive
gibran abdubaasith,4,Nyoba dulu,Positive
Demian selamat,4,Ghozali...beri aku uang˜†˜†˜†˜†˜†,Positive
Ashabul Coffee,5,ok,Positive
putra quiteer,5,Siapa yang kesini Karna gozali,Positive
Ajlastrian Putra,5,Semoga karyaku dapat mendunia,Positive
R chanel,1,Ga jelas bnget di instal muter trus pdhl wifi kenceng,Negative
La Capra,5,good,Positive
kadita Up Gaming,1,gooluck,Negative
Ezza,3,gw download gara ghozali  kyk nya ini emg S marketing biar bnyak yg download ini aplikasi ˜‚˜‚˜‚˜‚˜… sdh download gw uninstal lagi ˜…˜…˜…,Neutral
Rizky Harun,1,maaf ya aku belum dpt manfaat nya ™ insyaallah nnti pasti aku udh lagi klw sudah dpt manfaat nya ™˜Š,Negative
Tyo Sulis,5,ok,Positive
Gusti Fitri,1,Tidak bisa upload foto,Negative
Darlius Roslan Lomah,5,Bagus.,Positive
MILTON INI,5,I Got my first Ethereum here ˜‘,Positive
Budi Setiawan,1,Eror gak bisa login..dan gak bisa daftar,Negative
Pes Wil,1,Ternyata isinya orang gabut. Yg ngasih duit siapa yg beli siapa gk ada yg jelas kesehatannya.wkwkwkkw,Negative
brandy duasatu,3,Coba dulu,Neutral
Zettira avatar,1,baru belajar ... coba dulu  kalau bagus tambah lg bintang nya,Negative
arsyad asfah,5,oke,Positive
Rezki Nada,5,aplikasi sangat menyenangkan,Positive
Key Chanel,5,Coba dulu,Positive
D'Liza Channel,1,nyoba dulu siapa tau jdi Ghozali ke ˜†˜†,Negative
Ade Muhtarudin,5,Teu ngarti cara makena,Positive
Priyatins Pria,4,Mencoba tapi jangan sampai tercobakan.,Positive
Khoirun Najib,5,good,Positive
iman cenel,5,good job apliksi NFT,Positive
berita Bagus,5,semoga semakin berkembang,Positive
Ridwan Ali Rahman,5,ok,Positive
bayu tandayu,5,good job,Positive
Ahmad Al Alhambsy,3,saya baru pakai dan Alhamdulillah lumayan mudah memakainya terimakasih developer opensea,Neutral
Ario Rantau,5,make money,Positive
mela sallam,4,Ghozali selamat kamu membantu mengiklankan aplikasi ini ke orang yg berharap kaya kamu nantinya hahahahaa,Positive
adinata nat,4,Kenapa setelah masukin email tidak bisa verify,Positive
PUYU PUYU,5,kita mulai dari  ya tmn,Positive
Afan Serda,5,terus berenangterus berenang,Positive
Iqbal Batu bara,3,Coba dulu kalo bagus tak buat full bintang,Neutral
ãƒªãƒ¤ãƒ³ã‚µãƒ—ãƒˆãƒ©,4,Gw kesini karna Ghozali ˜˜˜˜˜™™,Positive
Muhammad Rafi,4,The flatness of the face is like a classic era mask that is very stunning with its own characteristics,Positive
Memet Ahmad,5,Good thanks min,Positive
Endang Rufatil,5,ok,Positive
Fey_ Channel,5,Saya mau coba karena saya baru gabung˜,Positive
Bocah Desa,3,Cara Daftr dan cara main nya gimana,Neutral
YUDI RISKI,2,Siapa tau sprti ghozala ghozali,Negative
irsya anugrah / irwan sofiyan,2,Alhamdulilah lakuuu  jt makasi ya Allah,Negative
SECURITY JHL SOLITAIRE HOTEL INDONESIA Agus ruslan,5,nice and verry good app.. very recommended ..,Positive
adamz Gallery,1,Cara upload fotonya gimana?????,Negative
Roti Bakar,3,belom paham,Neutral
WONG TIMUR TV,3,Kalo bagus dan foto selfie saya terjual mahal di sini saya kasih  bintang,Neutral
Dedi Utomo,5,manfaat mantap,Positive
RIDWAN RIDWAN,5,mantap,Positive
Saepul Games,5,Aplikasinya bagus,Positive
Ridwan Ngemil,5,good,Positive
Lucky Hobbyer,1,ERROR ...,Negative
Ahmad Jazuli,5,sangat bagus sekali,Positive
Bang Mus,5,keren,Positive
roni trip,3,belum laku nft sayasayangnya,Neutral
Kalana Styles,3,Kenapa setiap saya membuka opensea.io di browser selalu blank? sedangkan saat saya ingin menjual karya tidak bisa melalui aplikasi.,Neutral
Rozie Larosa,1,Gue cuba dulu ya bosssntar klo betulÂ² best ane bagi lagi bintang kejora ok hihihihi,Negative
BUKAN HOROR BIASA,5,extraordinary,Positive
Elma Lian,1,Yg ksini ragara Ghozali kita satu server˜Œ  btw gk bisa download knp woy?˜­,Negative
URC Ironhead,5,Joss lah..,Positive
AKMAL FUADI,5,Awalya ga nyangka karna karya ku berhasil terjual padahal cuma iseng pas  karya foto ku terjual melebihi gaji UMR  UMK pemerintah saat aku bekerja sebagai karyawan di sebuah perusahaan mantap si worth banget apalagi khusus buat anak muda yang ingin berkarya tanpa batas.,Positive
Suryadi Aea,3,Coba dlu klau bgus Bru tambah bntang,Neutral
channel phone,5,bagus,Positive
Aldy Aslan,5,download karena Liat berita nya Ghozali Ghozalu wkwkw,Positive
Maska Kow,5,Saya rencananya jual foto,Positive
Marcell Dinendra Putra,3,performa aplikasi kurang baik dan masih banyak bug,Neutral
Roswita Sri Rahayu,5,Kemari karena ghonzali yg viral jual foro selfinya—¿,Positive
Rudhy Mr,1,Saya habis donload g bisa ngapain di dalam aplikasi  ribet auto hapus kembali,Negative
paula kitri,5,the best ˜˜,Positive
Liza irmanofita sari,1,cara Makai aplikasi nya gimana ya?? cara daftar akun. kok ngk bisa..,Negative
ded idola channel,5,Sangat berarti untuk saya pribadi dari yg biasa jadi luar biasa,Positive
Jeri S,5,Sukses slalu......,Positive
Madiun Bojonegoro,3,Semoga bs membawa kesuksesannnnnnnnnnnnnnnnnnnnnnnnnnnnnnnn,Neutral
Ridwan Dwi,5,ggsuper,Positive
Christian Abram,3,Yg kesini gara Gozali ¤£¤£¤£,Neutral
Sul Fikar,1,Ga bisa ke buka aplikasinya,Negative
Aris Pradana Syaputra,3,Ajg gara godzila pada kesini  kalo sy dpt M bintang sy tambah ,Neutral
MY HOME,5,Bagus untuk orang yg punya kreatifitas,Positive
Chairul Maulana,3,Ini gimana cara create nft ganti nama dan profil nya ?,Neutral
Syaiful Arifin,5,good luck,Positive
Joni ,5,ok,Positive
vandka tech,1,Cant connect wallet always get am error oops an error occured,Negative
AJP,5,Bissmilah  milyar  karya,Positive
Ayam Gosu,5,GaraÂ² ghozali semoga ajaa foto ayam bakarku laku juga,Positive
widia nartomo,5,oke,Positive
iman honin,5,Bagus... Tapi belom paham pengaplikasiannya... Wkwkkw,Positive
Eman Sulaeman,5,the best,Positive
treder,5,bgus,Positive
BANG TOM-TOM,5,Gara ghozali saya download haha,Positive
Ika Rusadi,2,Harus Upload lewat Pc percuma ada versi Mobile ga guna apknya,Negative
meky jeksen,1,semogah berhasil saya kasih bintang full,Negative
Darno Momon,1,Cara kerja apk nya macam mana ini,Negative
Aripul Mahfudz,4,Joss gandos,Positive
AGONG DJ EmING,4,bismillah aja dlu,Positive
Ulfa Asih,5,Semoga membantu¥°karna viral kuy penasaran kesini ˜…,Positive
ak channel,3,Semoga jd penghasiln dari sini nnti di tmbahin ,Neutral
JZBaby,5,keren,Positive
Anak Agung Artha yoga,5,wadah dalam berkarya,Positive
Yoghaa official,5,Investasi mantsp,Positive
Handryani Januarita,3,Coba dulu. Siapantau kaya ghozaliii,Neutral
Cokelat Hitam,5,Saya mampir kesini gara gara ghozali everyday yg sedang viral ngab —¿—¿,Positive
didit_ tewe,5,Amazing,Positive
Riyan,5,muda mudahan bisa merubah hidup,Positive
Robin Channel ,4,AJARIN JUNIOR DONG¤  moga berkah semua,Positive
Soeling Sakti,3,Kesini gara Ghozali,Neutral
Romero Syawal Dhiputra,4,Kesini gara-gara Ghozali everyday ˜’,Positive
Maimun Efendy,5,Kita coba dulu ya Mana tau mantap,Positive
Nuril Huda,5,Download aplikasi ini gara yg lagi viral,Positive
Rully Amirul Destianto,5,Nice app,Positive
SNB,5,Kesini garaÂ² Ghozali,Positive
Abdul Hajar Limi,5,Rumit dan susah cara pakainya.....,Positive
Herawati Handayani,5,Bagus,Positive
Bagus Cahyono,5,josd,Positive
Tegar Ezra,1,Kok saya selalu mengalami kendala dalam login ˜Œ,Negative
Dean syah,1,I can't add username and change profile photo i need your help.,Negative
Juwen Panghuseng,5,Semoga kaya dengan apk ini ¤£,Positive
Muhammad Ilham,5,Semoga nft sy laku. Aamiin,Positive
prapto soehartono,5,Belajar,Positive
romen rafa,2,gimana ya cara masuk akunnya..?,Negative
Hafizhuddin Al Hazmi,4,kesini gara ghozali,Positive
gajendra abdi,5,Ok,Positive
Eka Rian Andika Railfan,4,Ini NFT yang viral itu ya? Wah bisa dicoba nih.,Positive
yunay ,5,Yg donload ini gara gara liat gozali ayo siapa..,Positive
Erwin Nasir,3,ok,Neutral
angrasptr,5,Gozali wkwk,Positive
Muhkamat Maryam,2,Bikin pening pala berby bolak balik mentok diprofike gak bisa di apa apain hihi hadeuhhh penasaran tp aplikasi udah g bisa diapa apain padahal SDH konek ke metamask tp nyari my collection tidak ada,Negative
Gayatri Official,5,top ’ª‘™’ª‘,Positive
Ays Hilari,5,Good,Positive
hams lee,5,Nice colection,Positive
Riski Hidayat,1,Error perbaiki dong,Negative
Liv ,4,OK,Positive
Moreno Channel,5,Opensea laut terbuka Seperti mimpi ku di dalam laut berenang naik apakah ini???˜Š #ghozalieverydayeffect‘Œ‡®‡©,Positive
Ipin Kijang,5,mantap,Positive
Zora Sang Fajar,5,keren,Positive
Ya begitulah !,5,Ok lah sama ni apk,Positive
Jerry Wijaya,1,Tidak bisa di buka seperti ubah photo dan nama profile...,Negative
Feni Febriani,1,kenapa ga bisa buat akun,Negative
Desi Rezki Amelia,1,Baru instal malah error..errornya krn apa? Apa penyimpanan hp hrs banyak dlu??,Negative
Okta Vitayana,5,Good,Positive
Alvianus Vian,5,Yang download karena Ghozali..˜‚˜‚˜‚,Positive
zulmi adri,1,Ga ngerti cara ny bahasa ny pun ga bisa diganti,Negative
ILHAM RAMADHAN,4,Ke sini gara gara kang ghozali everyday,Positive
Goldy Harrison,5,great app.. i love it,Positive
Zulkifli Karim,5,Bismillah rich rebahan,Positive
Suta Maeenk,5,Soo good,Positive
Cornelis Budiarto,5,Coba coba menyalurkan bakat,Positive
Elmira Qistina,4,mohon di bantu tidak bisa verifikasi email,Positive
sandy yusuf,5,beli lah,Positive
Meth Twelve,1,Please fixed all bugs and errors in this apps it can't connect the wallet while using the smartphone version thanks!,Negative
Muhammad Syaikh Syafiq,5,Ngaku kalian kesini karena Ghozali kan,Positive
Andika Setiawan,4,Kesini gara ghozali everyday,Positive
Achmad Numan,2,ok,Negative
syakieb tv,5,Mudah mudahan sya bisa jadi orang kaya.,Positive
Nonik Bilandri,3,namanya tidak bisa di ganti,Neutral
Andry Tanjung,2,Coba dulu bagus di tambahin lagi bintang nya,Negative
Jayadi -,2,Kok ga bisa konek ya katanya ga ada koneksi padahal pakai wifi. Payah nih versi android,Negative
JN Project,5,The best,Positive
Idrus Alhafidz,4,good,Positive
CV Haneda,5,‘‘,Positive
Jhoni Paslah,5,great nft marketplace ‘€Ž­,Positive
Tegar Abdul S,2,Maintance terlalu lamamembuat rugi semua orang yang mau jual/beli disinimohon ditindak lebih cepat,Negative
H R N Gaming,5,sangat bagus,Positive
Reeliana Jaizell,5,terbaik,Positive
SlothinkDev,3,Why this one have less features than web it even can't minting I hope this app features is expanded like a web feature,Neutral
Juna,4,Nyoba,Positive
ahmad imran husni,4,Please release sign in with coinbase wallet,Positive
risky snowden,4,good,Positive
Lyix Suegar,1,Not worth it for mobile device,Negative
Kicau kampung,4,Coba dulu ah ..,Positive
Buana Dwie Singodiwirjo,5,Nice,Positive
Dhita Syailendra,5,good apk,Positive
Nahman ganteng,5,Bagus,Positive
Semoet Merah,5,good,Positive
Permadi Saputra,5,great,Positive
I Ketut Artana,5,Marketplace yang bagus untuk yang baru mulai di dunia nft,Positive
Wilis Fam,5,good,Positive
andre Farhan,5,bagus untuk jualan NFT,Positive
Dinata ,5,good,Positive
Firmansyah ,1,Pertama dibuka sampai seterusnya error mulu padahal sinyal g kenceng... mohon diperbaiki,Negative
Harianto,1,Namanya terus suka nggak bisa dipakai:(,Negative
Samudra Samudra,1,Percuma ada aplikasi tapi nggak bisa Upload SELL dan BUY lewat aplikasi langsung.,Negative
Chyber ,5,than you,Positive
Fajar Satri,5,Bagus,Positive
Fambudi Jaya Kuswara,5,semoga laku,Positive
Neko Ni Game,4,Masi belum laku tapi gak papa tetap semangat,Positive
Wii,4,Bagus,Positive
Agung Xyz,4,Please release new version..so we can writeand sell nft direct from app.. Ithink its a excellent app..but many update neeeded.,Positive
Jirah Saja,5,apk sangat bagus,Positive
DARMOJO,5,Oke,Positive
Hilda Ate,4,mantaf,Positive
Aminah Minah,5,Good,Positive
Agustinus Patoding,5,how to unhide from app ?,Positive
Sumar irpan Abhari,1,Jelek,Negative
# Ø§Ù„Ø³ÙŽÙ‘Ù„Ø§ÙŽÙ…Ù Ø¹ÙŽÙ„ÙŽÙŠÙ’ÙƒÙÙ…Ù’,1,lu ambil FEE nya terlalu gede banget anying,Negative
agus widayat,3,sering bug,Neutral
asti Rahmadayani,1,Error melulu,Negative
Riana,1,The app verry bad i cant do anything I did't belive opensea the big marketplace get the mobile version like this. Watermelon men!!!,Negative
Dian Nurdiansyah,5,luar biasa,Positive
De Ujank isooku,1,Ga bisa ganti nama dan foto profile ga bisa posting produk jualan...payah ah,Negative
Dicky Raditya,5,good,Positive
Rifki Eka,5,beri aku uang,Positive
dinosaurus gravinci,1,Aku kok tidak bisa buka aplikasinya...,Negative
raditya akbar,5,good,Positive
Agung Yustian,5,good apk,Positive
Alfansyihabsa,5,ok,Positive
ADENCorp Animasi,1,No connecting,Negative
YaN Metaverse,3,harus jaringan kenceng ya.. ?. jaringan low susah konek.,Neutral
Dudu Vloger,5,mudah dan mantap,Positive
Risky Alfienda,2,Open and see,Negative
Ardiles Klimarsen,5,GM,Positive
Dedy Ram,5,OGN Termaksud Coin NFT MARKET PLACE,Positive
Yanss -,5,iu,Positive
Gembell,5,i like this app,Positive
koko think's,5,good,Positive
sugi yanto,5,Laut terbuka,Positive
Iwan Apandi,5,best,Positive
Iyan Al-Jundani,5,ok,Positive
 Febri Kurnia Tarigan,4,up lagi,Positive
Die Ck,5,Ok,Positive
Muhammad Arfin,5,ok,Positive
Robertus Wijanarko,4,How to upload NFTs from smartphone?,Positive
Jack Manalagi,1,Pake web aja lah,Negative
Bela Risma Aulia,4,can't open the app,Positive
wahyu Agustian,1,Aplikasi nya untuk mengetik kok lag tolong diperbaiki,Negative
doedy dukenzfish,5,good,Positive
Fuad Taufiq Rizal,5,good app..,Positive
Kurnia Ar,5,Kereeeeeennnnnnnnnnnnnnn bat dah nih app.,Positive
"Gilang Wijanarko,1,""An error occured and we're currently working on it"" how to fix?,Negative"
Didi Rosadi,5,coba dulu mudah mudahan apk jadi berguna bagi saya,Positive
Ade Irawan,5,Good,Positive
Pe Thu,5,Bagus,Positive
Putri ,5,‘Œ,Positive
Herjana Satya,5,nice app,Positive
Muhammad Hadiyana,5,good art and open mainded for people,Positive
Syamsul Rizal,3,ntar kalo udah dapet hasil bintangnya ditambah,Neutral
Khoirudin Anwar,1,Bingung cara minting nft di aplikasi ini hanya bisa mantau doang mending pake DApps wallet aja,Negative
sugeng widodo,1,there are no features to sell or sell.. you have to go to the website.. why don't you make an application it's not complete boss,Negative
Alqorni Hamsyah,4,bentar dulu ngab klo jualan w laku w kasih rate lagi dah,Positive
Bangkit AB,5,semoga jadi sumber penghasilan,Positive
"Falakxa,1,""An error occurred and we're currently working on it"" please fix it,Negative"
Mami minta Tambah,1,Apk tidak bisa tersambung Jangan jadi pajangan saja ayo Kami sudah mendownloadnya tapi tak bisa digunakan,Negative
Dewa Luckybigwin,5,ok,Positive
Ogan Lake,1,Aplikasinya tidak bisa di buka walau internet lancar buka aplikasi lain bisa. Kalau pakai web bisa. Sebelum di minta update lancar tetapi setelah di update buiannya tambah bagus malah tidak bisa di buka. Bagaimana ini?,Negative
YOJI S,5,Pretty good ‘‘™‚,Positive
sabar silalahi,5,Nice,Positive
rezseptian,5,nice,Positive
nrohman,3,di aplikasi suruh updateeh dipencet update di PlayStore tidak ada update! Tolong di Fix,Neutral
Kaka H. Hendrayana,5,Mantap. sup nft space! LFG š€,Positive
Muhammad Fajar Adrianza,5,it's awesome!!! finaly i found this apps,Positive
Jovan Yudistira,5,Good ˜‘Œ,Positive
